NODE_29_length_203_cov_1.487685	Q04202.1	37.143	70	43	1	8	214	153	222	2.62e-09	54.7	RecName: Full=Transposable element Tcb2 transposase
NODE_61_length_371_cov_1.115903	Q9P2Y5.1	54.902	51	23	0	240	88	226	276	1.17e-07	52.8	RecName: Full=UV radiation resistance-associated gene protein; AltName: Full=p63
NODE_62_length_191_cov_1.089005	Q8CFD5.2	76.471	34	8	0	231	130	100	133	2.88e-12	63.2	RecName: Full=DNA excision repair protein ERCC-8; AltName: Full=Cockayne syndrome WD repeat protein CSA homolog
NODE_174_length_314_cov_1.232484	Q5PPZ9.1	80.000	45	9	0	136	2	428	472	6.33e-16	75.5	RecName: Full=Rap1 GTPase-GDP dissociation stimulator 1-B; Short=Rap1gds1-B protein; AltName: Full=RalB-binding protein B; AltName: Full=XsmgGDS-B; Short=smgGDS-B
NODE_180_length_242_cov_1.648760	P70501.1	70.000	30	9	0	112	23	488	517	2.19e-08	53.1	RecName: Full=RNA-binding protein 10; AltName: Full=RNA-binding motif protein 10; AltName: Full=RNA-binding protein S1-1
NODE_195_length_394_cov_1.007614	P35072.1	45.312	64	34	1	434	243	143	205	1.16e-19	60.5	RecName: Full=Transposable element Tcb1 transposase; AltName: Full=Transposable element Barney transposase
NODE_195_length_394_cov_1.007614	P35072.1	42.647	68	39	0	243	40	206	273	1.16e-19	55.1	RecName: Full=Transposable element Tcb1 transposase; AltName: Full=Transposable element Barney transposase
NODE_248_length_356_cov_1.064607	P0C7U5.1	44.340	106	57	2	327	13	66	170	1.46e-13	68.9	RecName: Full=C5a anaphylatoxin chemotactic receptor 1; AltName: Full=C5a anaphylatoxin chemotactic receptor; Short=C5a-R; Short=C5aR
NODE_302_length_229_cov_1.816594	P21139.1	67.273	55	14	2	265	110	912	965	9.24e-14	68.2	RecName: Full=Alpha-mannosidase 2C1; AltName: Full=Alpha-D-mannoside mannohydrolase; AltName: Full=Mannosidase alpha class 2C member 1
NODE_349_length_191_cov_2.000000	Q08603.1	91.304	23	2	0	165	233	235	257	3.69e-08	51.6	RecName: Full=Geranylgeranyl transferase type-2 subunit beta; AltName: Full=Geranylgeranyl transferase type II subunit beta; Short=GGTase-II-beta; AltName: Full=Rab geranyl-geranyltransferase subunit beta; Short=Rab GG transferase beta; Short=Rab GGTase beta; AltName: Full=Rab geranylgeranyltransferase subunit beta; AltName: Full=Type II protein geranyl-geranyltransferase subunit beta
NODE_393_length_637_cov_1.150706	Q96DM1.3	23.636	110	80	1	674	345	172	277	3.01e-16	57.0	RecName: Full=PiggyBac transposable element-derived protein 4
NODE_393_length_637_cov_1.150706	Q96DM1.3	34.545	110	64	4	328	8	285	389	3.01e-16	48.5	RecName: Full=PiggyBac transposable element-derived protein 4
NODE_405_length_370_cov_1.181081	O92815.2	37.500	128	73	4	32	412	1412	1533	1.60e-19	86.7	RecName: Full=Gag-Pol polyprotein; Contains: RecName: Full=Matrix protein p10; Short=MA; Contains: RecName: Full=p20; Contains: RecName: Full=Capsid protein p25; Short=CA; Contains: RecName: Full=Nucleocapsid protein p14; Short=NC-pol; Contains: RecName: Full=Protease p15; Short=PR; Contains: RecName: Full=Reverse transcriptase/ribonuclease H p90; Short=RT; Contains: RecName: Full=Integrase p46; Short=IN
NODE_420_length_281_cov_1.480427	Q75UR0.1	86.957	46	6	0	321	184	540	585	3.61e-20	87.0	RecName: Full=Anoctamin-5; AltName: Full=Gnathodiaphyseal dysplasia 1 protein homolog; AltName: Full=Transmembrane protein 16E
NODE_424_length_280_cov_1.271429	P51449.2	57.407	54	22	1	2	160	325	378	1.51e-12	65.5	RecName: Full=Nuclear receptor ROR-gamma; AltName: Full=Nuclear receptor RZR-gamma; AltName: Full=Nuclear receptor subfamily 1 group F member 3; AltName: Full=RAR-related orphan receptor C; AltName: Full=Retinoid-related orphan receptor-gamma
NODE_442_length_294_cov_1.401361	Q6PEH8.1	80.435	46	7	1	285	154	99	144	2.90e-16	76.3	RecName: Full=Mediator of RNA polymerase II transcription subunit 25; AltName: Full=Mediator complex subunit 25
NODE_463_length_352_cov_1.119318	Q60611.2	92.105	38	3	0	200	87	210	247	3.03e-17	79.7	RecName: Full=DNA-binding protein SATB1; AltName: Full=Special AT-rich sequence-binding protein 1
NODE_467_length_337_cov_1.014837	Q9NYQ7.2	50.877	57	28	0	288	118	1761	1817	2.08e-14	71.6	RecName: Full=Cadherin EGF LAG seven-pass G-type receptor 3; AltName: Full=Cadherin family member 11; AltName: Full=Epidermal growth factor-like protein 1; Short=EGF-like protein 1; AltName: Full=Flamingo homolog 1; Short=hFmi1; AltName: Full=Multiple epidermal growth factor-like domains protein 2; Short=Multiple EGF-like domains protein 2; Flags: Precursor
NODE_497_length_162_cov_1.907407	C0HL13.1	75.472	53	13	0	161	3	970	1022	5.38e-22	90.5	RecName: Full=Low-density lipoprotein receptor-related protein 2; Short=LRP-2; AltName: Full=Glycoprotein 330; Short=gp330; AltName: Full=Megalin; Flags: Precursor
NODE_506_length_293_cov_1.389078	Q8CGA3.1	90.476	42	4	0	314	189	475	516	6.09e-25	81.6	RecName: Full=Large neutral amino acids transporter small subunit 4; AltName: Full=L-type amino acid transporter 4; AltName: Full=Solute carrier family 43 member 2
NODE_506_length_293_cov_1.389078	Q8CGA3.1	61.224	49	14	2	151	8	508	552	6.09e-25	52.0	RecName: Full=Large neutral amino acids transporter small subunit 4; AltName: Full=L-type amino acid transporter 4; AltName: Full=Solute carrier family 43 member 2
NODE_531_length_169_cov_1.414201	O00370.1	62.963	54	20	0	1	162	651	704	7.97e-14	67.4	RecName: Full=LINE-1 retrotransposable element ORF2 protein; Short=ORF2p; Includes: RecName: Full=Reverse transcriptase; Includes: RecName: Full=Endonuclease
NODE_558_length_181_cov_2.524862	P53676.1	72.222	54	15	0	163	2	271	324	2.81e-21	88.2	RecName: Full=AP-3 complex subunit mu-1; AltName: Full=AP-3 adaptor complex mu3A subunit; AltName: Full=Adaptor-related protein complex 3 subunit mu-1; AltName: Full=Clathrin assembly protein assembly protein complex 3 mu-1 medium chain; AltName: Full=Clathrin coat assembly protein AP47 homolog 1; AltName: Full=Clathrin coat-associated protein AP47 homolog 1; AltName: Full=Golgi adaptor AP-1 47 kDa protein homolog 1; AltName: Full=HA1 47 kDa subunit homolog 1; AltName: Full=Mu-adaptin 3A; AltName: Full=Mu3A-adaptin; AltName: Full=P47A
NODE_562_length_335_cov_1.035821	Q95198.1	46.032	63	32	1	130	318	256	316	3.50e-10	59.3	RecName: Full=L-selectin; AltName: Full=CD62 antigen-like family member L; AltName: Full=Leukocyte adhesion molecule 1; Short=LAM-1; AltName: Full=Leukocyte-endothelial cell adhesion molecule 1; Short=LECAM1; AltName: Full=Lymph node homing receptor; AltName: CD_antigen=CD62L; Flags: Precursor
NODE_583_length_331_cov_1.018127	P79331.1	51.111	45	22	0	204	338	866	910	8.51e-10	58.2	RecName: Full=A disintegrin and metalloproteinase with thrombospondin motifs 2; Short=ADAM-TS 2; Short=ADAM-TS2; Short=ADAMTS-2; AltName: Full=Procollagen I N-proteinase; Short=PC I-NP; AltName: Full=Procollagen I/II amino propeptide-processing enzyme; AltName: Full=Procollagen N-endopeptidase; Short=pNPI; Flags: Precursor
NODE_585_length_297_cov_1.404040	P18653.1	85.366	41	6	0	210	332	639	679	2.52e-22	75.9	RecName: Full=Ribosomal protein S6 kinase alpha-1; Short=S6K-alpha-1; AltName: Full=90 kDa ribosomal protein S6 kinase 1; Short=p90-RSK 1; Short=p90RSK1; Short=p90S6K; AltName: Full=MAP kinase-activated protein kinase 1a; Short=MAPK-activated protein kinase 1a; Short=MAPKAP kinase 1a; Short=MAPKAPK-1a; AltName: Full=Ribosomal S6 kinase 1; Short=RSK-1
NODE_585_length_297_cov_1.404040	P18653.1	65.517	29	10	0	2	88	610	638	2.52e-22	48.5	RecName: Full=Ribosomal protein S6 kinase alpha-1; Short=S6K-alpha-1; AltName: Full=90 kDa ribosomal protein S6 kinase 1; Short=p90-RSK 1; Short=p90RSK1; Short=p90S6K; AltName: Full=MAP kinase-activated protein kinase 1a; Short=MAPK-activated protein kinase 1a; Short=MAPKAP kinase 1a; Short=MAPKAPK-1a; AltName: Full=Ribosomal S6 kinase 1; Short=RSK-1
NODE_587_length_167_cov_1.988024	Q8TC92.1	83.871	31	5	0	180	88	572	602	2.48e-13	65.9	RecName: Full=Ecto-NOX disulfide-thiol exchanger 1; AltName: Full=Candidate growth-related and time keeping constitutive hydroquinone [NADH] oxidase; Short=cCNOX; AltName: Full=Cell proliferation-inducing gene 38 protein; AltName: Full=Constitutive Ecto-NOX; Short=cNOX; Includes: RecName: Full=Hydroquinone [NADH] oxidase; Includes: RecName: Full=Protein disulfide-thiol oxidoreductase
NODE_597_length_276_cov_1.510870	Q5DU56.2	95.238	21	1	0	317	255	9	29	2.38e-07	50.4	RecName: Full=Protein NLRC3
NODE_599_length_241_cov_1.535270	D3ZB51.1	71.875	64	18	0	282	91	615	678	2.23e-27	107	RecName: Full=Protein turtle homolog B; AltName: Full=Immunoglobulin superfamily member 9B; Flags: Precursor
NODE_658_length_239_cov_1.343096	Q8IYD8.2	79.245	53	10	1	239	81	477	528	6.20e-20	85.9	RecName: Full=Fanconi anemia group M protein; Short=Protein FACM; AltName: Full=ATP-dependent RNA helicase FANCM; AltName: Full=Fanconi anemia-associated polypeptide of 250 kDa; Short=FAAP250; AltName: Full=Protein Hef ortholog
NODE_675_length_217_cov_1.801843	P04146.3	35.443	79	49	1	21	251	1061	1139	3.14e-11	60.8	RecName: Full=Copia protein; AltName: Full=Gag-int-pol protein; Contains: RecName: Full=Copia VLP protein; Contains: RecName: Full=Copia protease
NODE_683_length_335_cov_1.104478	P03934.1	35.088	57	35	1	203	367	84	140	9.45e-07	49.3	RecName: Full=Transposable element Tc1 transposase
NODE_688_length_306_cov_1.522876	Q4JQI6.1	78.261	115	25	0	2	346	11	125	1.40e-35	127	RecName: Full=NADH-ubiquinone oxidoreductase chain 2; AltName: Full=NADH dehydrogenase subunit 2
NODE_744_length_368_cov_1.135870	Q9Y6N8.2	81.579	38	7	0	102	215	41	78	1.38e-16	78.2	RecName: Full=Cadherin-10; AltName: Full=T2-cadherin; Flags: Precursor
NODE_812_length_189_cov_1.835979	P31843.1	59.459	37	15	0	113	3	13	49	1.70e-07	48.1	RecName: Full=RNA-directed DNA polymerase homolog; AltName: Full=Reverse transcriptase homolog
NODE_827_length_327_cov_1.269113	Q8BPN8.3	63.043	46	12	1	312	190	812	857	4.65e-10	58.9	RecName: Full=DmX-like protein 2; AltName: Full=Rabconnectin-3
NODE_829_length_259_cov_1.579151	Q14517.2	61.616	99	33	1	299	3	3540	3633	1.42e-34	127	RecName: Full=Protocadherin Fat 1; AltName: Full=Cadherin family member 7; AltName: Full=Cadherin-related tumor suppressor homolog; AltName: Full=Protein fat homolog; Contains: RecName: Full=Protocadherin Fat 1, nuclear form; Flags: Precursor
NODE_838_length_200_cov_2.000000	C6FG12.1	56.000	50	21	1	157	8	630	678	4.80e-10	57.0	RecName: Full=Protein NLRC5
NODE_947_length_311_cov_1.244373	P03981.1	60.526	38	15	0	245	132	23	60	3.41e-10	56.2	RecName: Full=Ig heavy chain V region E1; Flags: Precursor
NODE_964_length_296_cov_1.094595	Q9NBX4.1	34.653	101	61	2	334	44	581	680	8.78e-10	57.8	RecName: Full=Probable RNA-directed DNA polymerase from transposon X-element; AltName: Full=Reverse transcriptase
NODE_986_length_329_cov_1.039514	O54781.2	91.892	37	3	0	134	24	64	100	2.07e-20	88.6	RecName: Full=SRSF protein kinase 2; AltName: Full=SFRS protein kinase 2; AltName: Full=Serine/arginine-rich protein-specific kinase 2; Short=SR-protein-specific kinase 2; Contains: RecName: Full=SRSF protein kinase 2 N-terminal; Contains: RecName: Full=SRSF protein kinase 2 C-terminal
NODE_1004_length_316_cov_1.322785	P20825.1	43.590	117	66	0	358	8	320	436	3.41e-28	110	RecName: Full=Retrovirus-related Pol polyprotein from transposon 297; Includes: RecName: Full=Protease; Includes: RecName: Full=Reverse transcriptase; Includes: RecName: Full=Endonuclease
NODE_1032_length_411_cov_1.569343	Q95SX7.1	29.032	124	79	3	109	453	616	739	2.66e-07	52.0	RecName: Full=Probable RNA-directed DNA polymerase from transposon BS; AltName: Full=Reverse transcriptase
NODE_1047_length_265_cov_1.494340	P04461.1	67.647	102	4	1	2	307	10	82	4.42e-38	137	RecName: Full=Myosin-7; AltName: Full=Beta isomyosin; AltName: Full=Myosin heavy chain 7; AltName: Full=Myosin heavy chain slow isoform; Short=MyHC-slow; AltName: Full=Myosin heavy chain, cardiac muscle beta isoform; Short=MyHC-beta
NODE_1075_length_279_cov_1.480287	Q8IY47.2	85.981	107	15	0	321	1	492	598	8.67e-64	206	RecName: Full=Kelch repeat and BTB domain-containing protein 2; AltName: Full=BTB and kelch domain-containing protein 1
NODE_1117_length_297_cov_1.346801	Q00IB7.1	80.000	35	7	0	106	2	885	919	4.22e-10	58.5	RecName: Full=Pleckstrin homology domain-containing family H member 1; Short=PH domain-containing family H member 1; AltName: Full=Protein max-1 homolog
NODE_1160_length_358_cov_1.075419	Q2TBP2.1	60.784	51	20	0	20	172	170	220	9.61e-16	75.5	RecName: Full=Histone H4 transcription factor; AltName: Full=Histone nuclear factor P; Short=HiNF-P; AltName: Full=MBD2-interacting zinc finger protein; AltName: Full=Methyl-CpG-binding protein 2-interacting zinc finger protein
NODE_1172_length_235_cov_1.344681	O70157.1	69.841	63	18	1	88	276	359	420	1.21e-22	93.6	RecName: Full=DNA topoisomerase 3-alpha; AltName: Full=DNA topoisomerase III alpha
NODE_1182_length_476_cov_2.527311	P35072.1	41.420	169	94	3	4	510	110	273	1.74e-30	114	RecName: Full=Transposable element Tcb1 transposase; AltName: Full=Transposable element Barney transposase
NODE_1215_length_363_cov_1.038568	P35072.1	38.182	55	34	0	277	113	108	162	1.16e-07	49.3	RecName: Full=Transposable element Tcb1 transposase; AltName: Full=Transposable element Barney transposase
NODE_1215_length_363_cov_1.038568	P35072.1	36.667	30	19	0	395	306	69	98	1.16e-07	25.8	RecName: Full=Transposable element Tcb1 transposase; AltName: Full=Transposable element Barney transposase
NODE_1251_length_250_cov_1.560000	P09529.2	81.667	60	9	1	113	292	51	108	9.39e-24	95.9	RecName: Full=Inhibin beta B chain; AltName: Full=Activin beta-B chain; Flags: Precursor
NODE_1272_length_372_cov_1.104839	Q28HC6.2	85.106	47	7	0	305	165	99	145	3.99e-19	58.9	RecName: Full=Queuine tRNA-ribosyltransferase catalytic subunit 1; AltName: Full=Guanine insertion enzyme; AltName: Full=tRNA-guanine transglycosylase
NODE_1272_length_372_cov_1.104839	Q28HC6.2	96.154	26	1	0	78	1	145	170	3.99e-19	55.1	RecName: Full=Queuine tRNA-ribosyltransferase catalytic subunit 1; AltName: Full=Guanine insertion enzyme; AltName: Full=tRNA-guanine transglycosylase
NODE_1279_length_301_cov_1.368771	P10394.1	40.351	114	67	1	343	2	564	676	3.76e-23	95.9	RecName: Full=Retrovirus-related Pol polyprotein from transposon 412; Includes: RecName: Full=Protease; Includes: RecName: Full=Reverse transcriptase; Includes: RecName: Full=Endonuclease
NODE_1280_length_376_cov_1.109043	Q8K3Z0.1	44.776	67	32	2	213	404	252	316	6.70e-09	56.2	RecName: Full=Nucleotide-binding oligomerization domain-containing protein 2; AltName: Full=Caspase recruitment domain-containing protein 15
NODE_1286_length_233_cov_1.665236	A1Z651.1	50.000	56	28	0	104	271	1005	1060	5.66e-09	54.7	RecName: Full=Gag-Pol polyprotein; Short=Pr180gag-pol; Contains: RecName: Full=Matrix protein p15; Short=MA; Contains: RecName: Full=RNA-binding phosphoprotein p12; AltName: Full=pp12; Contains: RecName: Full=Capsid protein p30; Short=CA; Contains: RecName: Full=Nucleocapsid protein p10; Short=NC-pol; Contains: RecName: Full=Protease p14; Short=PR; Contains: RecName: Full=Reverse transcriptase/ribonuclease H p80; Short=RT; Contains: RecName: Full=Integrase p46; Short=IN
NODE_1304_length_194_cov_1.355670	O42091.1	81.481	54	10	0	232	71	224	277	6.31e-24	96.3	RecName: Full=Tyrosine 3-monooxygenase; AltName: Full=Tyrosine 3-hydroxylase; Short=TH
NODE_1312_length_235_cov_1.740426	P12798.3	72.500	40	11	0	277	158	447	486	2.16e-13	67.0	RecName: Full=Phosphorylase b kinase regulatory subunit beta; Short=Phosphorylase kinase subunit beta
NODE_1332_length_174_cov_1.867816	P30427.2	68.056	72	23	0	216	1	4127	4198	1.24e-25	100	RecName: Full=Plectin; Short=PCN; Short=PLTN; AltName: Full=Plectin-1
NODE_1332_length_174_cov_1.867816	P30427.2	61.111	72	28	0	216	1	2890	2961	1.63e-21	89.4	RecName: Full=Plectin; Short=PCN; Short=PLTN; AltName: Full=Plectin-1
NODE_1332_length_174_cov_1.867816	P30427.2	59.722	72	29	0	216	1	3549	3620	8.73e-21	87.0	RecName: Full=Plectin; Short=PCN; Short=PLTN; AltName: Full=Plectin-1
NODE_1332_length_174_cov_1.867816	P30427.2	57.971	69	29	0	216	10	3884	3952	1.79e-19	83.6	RecName: Full=Plectin; Short=PCN; Short=PLTN; AltName: Full=Plectin-1
NODE_1332_length_174_cov_1.867816	P30427.2	51.389	72	35	0	216	1	3218	3289	1.42e-18	80.9	RecName: Full=Plectin; Short=PCN; Short=PLTN; AltName: Full=Plectin-1
NODE_1341_length_558_cov_1.281362	P35072.1	40.123	162	96	1	497	12	113	273	7.55e-33	121	RecName: Full=Transposable element Tcb1 transposase; AltName: Full=Transposable element Barney transposase
NODE_1395_length_405_cov_1.027161	P62744.1	77.273	44	9	1	315	446	95	137	1.21e-11	61.6	RecName: Full=AP-2 complex subunit sigma; AltName: Full=Adaptor protein complex AP-2 subunit sigma; AltName: Full=Adaptor-related protein complex 2 subunit sigma; AltName: Full=Clathrin assembly protein 2 sigma small chain; AltName: Full=Clathrin coat assembly protein AP17; AltName: Full=Clathrin coat-associated protein AP17; AltName: Full=Plasma membrane adaptor AP-2 17 kDa protein; AltName: Full=Sigma-adaptin 3b; AltName: Full=Sigma2-adaptin
NODE_1396_length_249_cov_1.678715	Q61687.3	64.444	45	16	0	68	202	1979	2023	1.62e-12	64.7	RecName: Full=Transcriptional regulator ATRX; AltName: Full=ATP-dependent helicase ATRX; AltName: Full=HP1 alpha-interacting protein; AltName: Full=HP1-BP38 protein; AltName: Full=Heterochromatin protein 2; AltName: Full=X-linked nuclear protein
NODE_1399_length_356_cov_1.165730	Q9NBX4.1	42.045	88	45	3	50	301	512	597	1.09e-09	58.2	RecName: Full=Probable RNA-directed DNA polymerase from transposon X-element; AltName: Full=Reverse transcriptase
NODE_1412_length_214_cov_1.869159	Q9UMN6.1	60.000	45	18	0	244	110	505	549	2.86e-09	55.1	RecName: Full=Histone-lysine N-methyltransferase 2B; Short=Lysine N-methyltransferase 2B; AltName: Full=Myeloid/lymphoid or mixed-lineage leukemia protein 4; AltName: Full=Trithorax homolog 2; AltName: Full=WW domain-binding protein 7; Short=WBP-7
NODE_1434_length_250_cov_1.672000	P02562.2	77.778	36	8	0	109	216	968	1003	2.28e-10	58.9	RecName: Full=Myosin heavy chain, skeletal muscle
NODE_1441_length_314_cov_1.299363	Q5DU56.2	32.520	123	74	4	345	1	303	424	3.55e-13	67.8	RecName: Full=Protein NLRC3
NODE_1446_length_223_cov_1.869955	A2ASS6.1	73.563	87	23	0	265	5	26920	27006	1.67e-38	138	RecName: Full=Titin; AltName: Full=Connectin
NODE_1446_length_223_cov_1.869955	A2ASS6.1	65.517	87	30	0	265	5	24755	24841	6.61e-32	119	RecName: Full=Titin; AltName: Full=Connectin
NODE_1446_length_223_cov_1.869955	A2ASS6.1	63.218	87	32	0	265	5	23673	23759	3.38e-30	114	RecName: Full=Titin; AltName: Full=Connectin
NODE_1446_length_223_cov_1.869955	A2ASS6.1	54.545	88	40	0	265	2	25837	25924	1.33e-25	101	RecName: Full=Titin; AltName: Full=Connectin
NODE_1446_length_223_cov_1.869955	A2ASS6.1	49.425	87	44	0	265	5	31259	31345	2.10e-23	95.5	RecName: Full=Titin; AltName: Full=Connectin
NODE_1446_length_223_cov_1.869955	A2ASS6.1	49.425	87	44	0	265	5	22589	22675	6.23e-21	88.6	RecName: Full=Titin; AltName: Full=Connectin
NODE_1446_length_223_cov_1.869955	A2ASS6.1	50.000	86	41	1	265	14	21506	21591	8.14e-20	85.1	RecName: Full=Titin; AltName: Full=Connectin
NODE_1446_length_223_cov_1.869955	A2ASS6.1	45.977	87	47	0	262	2	30171	30257	1.24e-19	84.7	RecName: Full=Titin; AltName: Full=Connectin
NODE_1446_length_223_cov_1.869955	A2ASS6.1	47.126	87	46	0	265	5	27999	28085	2.86e-19	83.6	RecName: Full=Titin; AltName: Full=Connectin
NODE_1446_length_223_cov_1.869955	A2ASS6.1	46.154	91	46	2	265	2	29084	29174	5.39e-15	71.6	RecName: Full=Titin; AltName: Full=Connectin
NODE_1446_length_223_cov_1.869955	A2ASS6.1	40.541	74	44	0	265	44	31949	32022	1.03e-13	67.8	RecName: Full=Titin; AltName: Full=Connectin
NODE_1446_length_223_cov_1.869955	A2ASS6.1	42.529	87	47	2	265	11	20419	20504	3.02e-13	66.6	RecName: Full=Titin; AltName: Full=Connectin
NODE_1446_length_223_cov_1.869955	A2ASS6.1	41.379	87	51	0	265	5	19031	19117	7.55e-13	65.5	RecName: Full=Titin; AltName: Full=Connectin
NODE_1446_length_223_cov_1.869955	A2ASS6.1	37.778	90	53	2	265	5	20711	20800	7.54e-12	62.8	RecName: Full=Titin; AltName: Full=Connectin
NODE_1446_length_223_cov_1.869955	A2ASS6.1	38.202	89	53	1	265	5	30860	30948	2.53e-11	61.2	RecName: Full=Titin; AltName: Full=Connectin
NODE_1446_length_223_cov_1.869955	A2ASS6.1	30.928	97	57	2	265	5	17623	17719	2.50e-10	58.2	RecName: Full=Titin; AltName: Full=Connectin
NODE_1446_length_223_cov_1.869955	A2ASS6.1	36.486	74	45	1	265	50	28685	28758	1.07e-09	56.6	RecName: Full=Titin; AltName: Full=Connectin
NODE_1446_length_223_cov_1.869955	A2ASS6.1	33.333	87	56	1	259	5	21110	21196	1.15e-09	56.2	RecName: Full=Titin; AltName: Full=Connectin
NODE_1446_length_223_cov_1.869955	A2ASS6.1	39.080	87	51	1	259	5	15209	15295	1.55e-09	55.8	RecName: Full=Titin; AltName: Full=Connectin
NODE_1446_length_223_cov_1.869955	A2ASS6.1	34.444	90	56	2	265	5	22878	22967	1.78e-09	55.8	RecName: Full=Titin; AltName: Full=Connectin
NODE_1446_length_223_cov_1.869955	A2ASS6.1	31.111	90	59	2	265	5	21795	21884	3.45e-09	55.1	RecName: Full=Titin; AltName: Full=Connectin
NODE_1446_length_223_cov_1.869955	A2ASS6.1	33.708	89	57	1	265	5	19721	19809	1.05e-08	53.5	RecName: Full=Titin; AltName: Full=Connectin
NODE_1446_length_223_cov_1.869955	A2ASS6.1	36.232	69	44	0	265	59	18337	18405	1.21e-08	53.5	RecName: Full=Titin; AltName: Full=Connectin
NODE_1446_length_223_cov_1.869955	A2ASS6.1	30.337	89	60	1	265	5	15503	15591	1.49e-08	53.1	RecName: Full=Titin; AltName: Full=Connectin
NODE_1446_length_223_cov_1.869955	A2ASS6.1	37.838	74	44	1	265	50	19323	19396	1.85e-08	53.1	RecName: Full=Titin; AltName: Full=Connectin
NODE_1446_length_223_cov_1.869955	A2ASS6.1	37.500	88	52	2	259	5	23962	24049	1.96e-08	52.8	RecName: Full=Titin; AltName: Full=Connectin
NODE_1446_length_223_cov_1.869955	A2ASS6.1	36.364	77	46	1	265	44	26520	26596	2.58e-08	52.4	RecName: Full=Titin; AltName: Full=Connectin
NODE_1446_length_223_cov_1.869955	A2ASS6.1	37.079	89	52	3	259	5	32443	32531	2.93e-08	52.4	RecName: Full=Titin; AltName: Full=Connectin
NODE_1446_length_223_cov_1.869955	A2ASS6.1	40.000	70	41	1	265	59	16917	16986	4.55e-08	52.0	RecName: Full=Titin; AltName: Full=Connectin
NODE_1446_length_223_cov_1.869955	A2ASS6.1	33.333	90	57	2	265	5	25042	25131	5.21e-08	51.6	RecName: Full=Titin; AltName: Full=Connectin
NODE_1446_length_223_cov_1.869955	A2ASS6.1	42.254	71	39	1	265	59	30460	30530	7.06e-08	51.2	RecName: Full=Titin; AltName: Full=Connectin
NODE_1446_length_223_cov_1.869955	A2ASS6.1	38.667	75	42	2	265	50	27602	27675	8.50e-08	51.2	RecName: Full=Titin; AltName: Full=Connectin
NODE_1446_length_223_cov_1.869955	A2ASS6.1	32.584	89	58	1	265	5	27207	27295	1.51e-07	50.4	RecName: Full=Titin; AltName: Full=Connectin
NODE_1446_length_223_cov_1.869955	A2ASS6.1	35.106	94	52	2	265	11	16514	16607	2.11e-07	50.1	RecName: Full=Titin; AltName: Full=Connectin
NODE_1446_length_223_cov_1.869955	A2ASS6.1	29.670	91	60	1	265	5	20014	20104	2.30e-07	49.7	RecName: Full=Titin; AltName: Full=Connectin
NODE_1446_length_223_cov_1.869955	A2ASS6.1	36.842	76	46	1	265	44	24356	24431	4.43e-07	48.9	RecName: Full=Titin; AltName: Full=Connectin
NODE_1446_length_223_cov_1.869955	A2ASS6.1	36.111	72	44	1	259	50	18633	18704	4.56e-07	48.9	RecName: Full=Titin; AltName: Full=Connectin
NODE_1446_length_223_cov_1.869955	A2ASS6.1	34.444	90	56	2	265	5	31551	31640	8.03e-07	48.1	RecName: Full=Titin; AltName: Full=Connectin
NODE_1446_length_223_cov_1.869955	A2ASS6.1	31.579	76	50	1	265	44	25438	25513	8.11e-07	48.1	RecName: Full=Titin; AltName: Full=Connectin
NODE_1470_length_240_cov_1.729167	Q5U3Q6.1	56.098	41	18	0	3	125	177	217	5.55e-09	54.7	RecName: Full=Cdc42-interacting protein 4 homolog; AltName: Full=Thyroid receptor-interacting protein 10 homolog
NODE_1554_length_307_cov_1.342020	Q7Z7B0.1	79.310	116	24	0	2	349	682	797	4.42e-54	184	RecName: Full=Filamin-A-interacting protein 1; Short=FILIP
NODE_1559_length_325_cov_1.283077	P18872.3	90.196	51	5	0	176	24	54	104	7.72e-25	99.4	RecName: Full=Guanine nucleotide-binding protein G(o) subunit alpha
NODE_1575_length_431_cov_2.220418	Q9NBX4.1	31.944	144	94	4	473	48	515	656	7.70e-13	68.2	RecName: Full=Probable RNA-directed DNA polymerase from transposon X-element; AltName: Full=Reverse transcriptase
NODE_1583_length_267_cov_1.329588	Q6DJR9.1	81.429	70	13	0	298	89	153	222	2.89e-26	104	RecName: Full=Enhancer of polycomb homolog 2
NODE_1602_length_283_cov_1.448763	A6QLU3.1	95.833	24	1	0	213	284	1	24	2.22e-08	53.5	RecName: Full=GRB2-associated-binding protein 1; AltName: Full=GRB2-associated binder 1; AltName: Full=Growth factor receptor bound protein 2-associated protein 1
NODE_1609_length_324_cov_1.290123	Q6UUV9.2	60.606	33	13	0	217	315	475	507	3.14e-07	50.8	RecName: Full=CREB-regulated transcription coactivator 1; AltName: Full=Mucoepidermoid carcinoma translocated protein 1; AltName: Full=Transducer of regulated cAMP response element-binding protein 1; Short=TORC-1; Short=Transducer of CREB protein 1
NODE_1661_length_244_cov_1.709016	P28859.2	44.444	72	35	2	71	280	618	686	4.09e-12	63.5	RecName: Full=DNA polymerase
NODE_1697_length_273_cov_1.479854	P59747.2	79.070	43	9	0	293	165	23	65	3.82e-16	70.9	RecName: Full=Parvalbumin beta; AltName: Full=Dark muscle parvalbumin; Short=saba-DPA; AltName: Full=White muscle parvalbumin; AltName: Allergen=Sco j 1
NODE_1701_length_250_cov_1.664000	P11227.2	46.067	89	42	4	3	269	552	634	1.80e-10	58.9	RecName: Full=Gag-Pol polyprotein; Contains: RecName: Full=Matrix protein p15; Short=MA; Contains: RecName: Full=RNA-binding phosphoprotein p12; AltName: Full=pp12; Contains: RecName: Full=Capsid protein p30; Short=CA; Contains: RecName: Full=Nucleocapsid protein p10-Pol; Short=NC-pol; Contains: RecName: Full=Protease; Contains: RecName: Full=Reverse transcriptase/ribonuclease H; Short=RT; Contains: RecName: Full=Integrase; Short=IN
NODE_1746_length_400_cov_1.042500	Q9ULM3.2	56.897	58	23	2	246	419	1033	1088	6.61e-07	50.8	RecName: Full=YEATS domain-containing protein 2
NODE_1779_length_384_cov_1.088542	A2ASS6.1	65.385	52	18	0	269	424	19198	19249	1.67e-17	81.3	RecName: Full=Titin; AltName: Full=Connectin
NODE_1779_length_384_cov_1.088542	A2ASS6.1	51.020	49	24	0	269	415	22461	22509	9.89e-09	55.8	RecName: Full=Titin; AltName: Full=Connectin
NODE_1779_length_384_cov_1.088542	A2ASS6.1	52.083	48	23	0	269	412	17493	17540	3.59e-08	54.3	RecName: Full=Titin; AltName: Full=Connectin
NODE_1779_length_384_cov_1.088542	A2ASS6.1	47.059	51	27	0	260	412	31818	31868	1.85e-07	52.4	RecName: Full=Titin; AltName: Full=Connectin
NODE_1779_length_384_cov_1.088542	A2ASS6.1	39.286	56	34	0	248	415	20873	20928	3.01e-07	51.6	RecName: Full=Titin; AltName: Full=Connectin
NODE_1779_length_384_cov_1.088542	A2ASS6.1	40.385	52	31	0	260	415	15077	15128	6.02e-07	50.8	RecName: Full=Titin; AltName: Full=Connectin
NODE_1801_length_202_cov_1.990099	Q7T3S5.1	77.500	80	18	0	3	242	291	370	1.03e-36	129	RecName: Full=Lactosylceramide 1,3-N-acetyl-beta-D-glucosaminyltransferase A; AltName: Full=Lactotriaosylceramide synthase A; Short=Lc(3)Cer synthase A; Short=Lc3 synthase A; AltName: Full=UDP-GlcNAc:beta-Gal beta-1,3-N-acetylglucosaminyltransferase 5A; Short=BGnT-5A; Short=Beta-1,3-Gn-T5A; Short=Beta-1,3-N-acetylglucosaminyltransferase 5A; Short=Beta3Gn-T5A
NODE_1808_length_253_cov_1.557312	Q09324.2	67.347	98	27	2	293	6	314	408	2.60e-42	145	RecName: Full=Beta-1,3-galactosyl-O-glycosyl-glycoprotein beta-1,6-N-acetylglucosaminyltransferase; AltName: Full=Core 2-branching enzyme; AltName: Full=Core2-GlcNAc-transferase; Short=C2GNT
NODE_1809_length_358_cov_1.153631	P02645.1	84.375	32	5	0	239	144	149	180	2.86e-11	60.8	RecName: Full=Troponin I, slow skeletal muscle; AltName: Full=Troponin I, slow-twitch isoform
NODE_1814_length_248_cov_1.681452	O15068.2	42.553	94	13	1	8	289	656	708	2.07e-15	73.2	RecName: Full=Guanine nucleotide exchange factor DBS; AltName: Full=DBL's big sister; AltName: Full=MCF2-transforming sequence-like protein
NODE_1824_length_305_cov_1.150820	Q80TC6.2	88.636	44	5	0	133	2	59	102	1.23e-19	85.9	RecName: Full=Zinc finger SWIM domain-containing protein 5
NODE_1874_length_237_cov_1.717300	Q92614.3	92.105	38	3	0	279	166	1111	1148	1.63e-18	81.6	RecName: Full=Unconventional myosin-XVIIIa; AltName: Full=Molecule associated with JAK3 N-terminus; Short=MAJN; AltName: Full=Myosin containing a PDZ domain; AltName: Full=Surfactant protein receptor SP-R210; Short=SP-R210
NODE_1882_length_262_cov_1.469466	O42227.1	93.333	30	2	0	2	91	252	281	1.69e-13	65.5	RecName: Full=Probable histone deacetylase 1-B; Short=HD1-B; AltName: Full=RPD3 homolog
NODE_1882_length_262_cov_1.469466	O42227.1	55.556	18	8	0	169	222	273	290	1.69e-13	29.3	RecName: Full=Probable histone deacetylase 1-B; Short=HD1-B; AltName: Full=RPD3 homolog
NODE_1887_length_238_cov_1.747899	Q80UZ0.2	57.377	61	18	2	2	172	1157	1213	5.03e-14	68.9	RecName: Full=FYVE, RhoGEF and PH domain-containing protein 5
NODE_1896_length_222_cov_1.878378	A0A0B4J274.1	35.294	85	40	2	259	50	22	106	3.31e-10	55.1	RecName: Full=T cell receptor alpha variable 20; Flags: Precursor
NODE_1983_length_228_cov_1.793860	Q03173.2	92.063	63	5	0	40	228	57	119	4.54e-36	131	RecName: Full=Protein enabled homolog; AltName: Full=NPC-derived proline-rich protein 1; Short=NDPP-1
NODE_1992_length_376_cov_1.109043	E9Q5R7.1	57.778	45	19	0	139	5	812	856	7.47e-07	50.4	RecName: Full=NACHT, LRR and PYD domains-containing protein 12; AltName: Full=Monarch-1; AltName: Full=PYRIN-containing APAF1-like protein 7; Short=PYPAF7
NODE_2003_length_387_cov_1.002584	Q8HXX1.1	65.263	95	28	1	276	7	614	708	5.96e-28	110	RecName: Full=Methylmalonyl-CoA mutase, mitochondrial; Short=MCM; AltName: Full=Methylmalonyl-CoA isomerase; Flags: Precursor
NODE_2023_length_283_cov_1.424028	O97554.1	76.923	78	18	0	2	235	277	354	4.21e-36	132	RecName: Full=Prostaglandin G/H synthase 1; AltName: Full=Cyclooxygenase-1; Short=COX-1; AltName: Full=Prostaglandin H2 synthase 1; Short=PGH synthase 1; Short=PGHS-1; Short=PHS 1; AltName: Full=Prostaglandin-endoperoxide synthase 1; Flags: Precursor
NODE_2047_length_281_cov_1.476868	Q3UTY6.2	46.154	65	30	2	214	23	34	94	9.79e-09	54.7	RecName: Full=Thrombospondin type-1 domain-containing protein 4; AltName: Full=A disintegrin and metalloproteinase with thrombospondin motifs-like protein 6; Short=ADAMTS-like protein 6; Short=ADAMTSL-6; AltName: Full=ADAMTS-like protein 4; Short=ADAMTSL-4; Flags: Precursor
NODE_2087_length_324_cov_1.283951	Q09429.4	81.818	33	6	0	195	293	794	826	4.64e-12	64.7	RecName: Full=ATP-binding cassette sub-family C member 8; AltName: Full=Sulfonylurea receptor 1
NODE_2099_length_279_cov_1.487455	Q6ZMN7.3	73.810	42	11	0	312	187	732	773	2.02e-11	62.4	RecName: Full=PDZ domain-containing RING finger protein 4; AltName: Full=Ligand of Numb protein X 4; AltName: Full=SEMACAP3-like protein
NODE_2107_length_365_cov_1.131507	Q5FWY5.1	61.702	47	18	0	255	115	263	309	1.39e-10	60.8	RecName: Full=AH receptor-interacting protein; Short=AIP; AltName: Full=Aryl-hydrocarbon receptor-interacting protein; AltName: Full=Immunophilin XAP2
NODE_2233_length_781_cov_1.238156	P35072.1	37.302	252	157	1	36	791	22	272	2.77e-55	182	RecName: Full=Transposable element Tcb1 transposase; AltName: Full=Transposable element Barney transposase
NODE_2236_length_208_cov_1.639423	O92815.2	35.443	79	51	0	237	1	935	1013	1.75e-09	55.5	RecName: Full=Gag-Pol polyprotein; Contains: RecName: Full=Matrix protein p10; Short=MA; Contains: RecName: Full=p20; Contains: RecName: Full=Capsid protein p25; Short=CA; Contains: RecName: Full=Nucleocapsid protein p14; Short=NC-pol; Contains: RecName: Full=Protease p15; Short=PR; Contains: RecName: Full=Reverse transcriptase/ribonuclease H p90; Short=RT; Contains: RecName: Full=Integrase p46; Short=IN
NODE_2239_length_343_cov_1.116618	P03360.2	44.776	67	36	1	87	287	1060	1125	2.07e-11	63.2	RecName: Full=Gag-Pol polyprotein; Contains: RecName: Full=Protease; Contains: RecName: Full=Reverse transcriptase/ribonuclease H; Short=RT; Contains: RecName: Full=Integrase; Short=IN
NODE_2254_length_277_cov_1.389892	P35072.1	40.909	88	51	1	271	8	82	168	5.70e-18	79.3	RecName: Full=Transposable element Tcb1 transposase; AltName: Full=Transposable element Barney transposase
NODE_2273_length_382_cov_1.018325	Q9ES88.1	82.979	47	8	0	329	189	77	123	5.33e-20	88.2	RecName: Full=Solute carrier family 13 member 2; AltName: Full=Na(+)/dicarboxylate cotransporter 1; Short=NaDC-1; AltName: Full=Renal sodium/dicarboxylate cotransporter
NODE_2344_length_716_cov_8.632682	P35072.1	42.308	260	137	3	2	745	6	264	5.29e-64	204	RecName: Full=Transposable element Tcb1 transposase; AltName: Full=Transposable element Barney transposase
NODE_2364_length_542_cov_1.725092	Q5ZMP7.1	69.388	49	15	0	536	390	338	386	3.63e-29	78.2	RecName: Full=AP-3 complex subunit mu-1; AltName: Full=AP-3 adaptor complex mu3A subunit; AltName: Full=Adaptor-related protein complex 3 subunit mu-1; AltName: Full=Mu-adaptin 3A; AltName: Full=Mu3A-adaptin
NODE_2364_length_542_cov_1.725092	Q5ZMP7.1	88.571	35	4	0	283	179	384	418	3.63e-29	70.9	RecName: Full=AP-3 complex subunit mu-1; AltName: Full=AP-3 adaptor complex mu3A subunit; AltName: Full=Adaptor-related protein complex 3 subunit mu-1; AltName: Full=Mu-adaptin 3A; AltName: Full=Mu3A-adaptin
NODE_2388_length_300_cov_1.380000	P19180.1	50.000	48	24	0	1	144	70	117	1.05e-12	62.8	RecName: Full=Ig heavy chain V region 3; Flags: Precursor
NODE_2397_length_198_cov_1.823232	Q9JM61.2	50.588	85	37	2	240	1	414	498	1.09e-18	81.6	RecName: Full=Thrombospondin type-1 domain-containing protein 1; AltName: Full=Transmembrane molecule with thrombospondin module; Flags: Precursor
NODE_2460_length_316_cov_1.287975	O60333.5	100.000	26	0	0	262	339	505	530	3.76e-09	56.2	RecName: Full=Kinesin-like protein KIF1B; Short=Klp
NODE_2490_length_183_cov_1.945355	P35072.1	51.923	52	25	0	9	164	168	219	4.95e-12	62.0	RecName: Full=Transposable element Tcb1 transposase; AltName: Full=Transposable element Barney transposase
NODE_2496_length_199_cov_2.090452	P03360.2	60.000	40	15	1	13	132	1093	1131	9.74e-09	53.5	RecName: Full=Gag-Pol polyprotein; Contains: RecName: Full=Protease; Contains: RecName: Full=Reverse transcriptase/ribonuclease H; Short=RT; Contains: RecName: Full=Integrase; Short=IN
NODE_2506_length_235_cov_1.770213	Q91DM0.1	47.222	36	19	0	78	185	1769	1804	2.32e-07	50.1	RecName: Full=Genome polyprotein; Includes: RecName: Full=Aspartic protease; Short=PR; Includes: RecName: Full=Reverse transcriptase; Short=RT
NODE_2535_length_246_cov_1.691057	P97874.1	86.207	29	4	0	88	2	175	203	1.15e-11	62.4	RecName: Full=Cyclin-G-associated kinase
NODE_2607_length_178_cov_1.994382	Q9BYV9.1	82.692	52	8	1	157	2	682	732	2.32e-22	91.7	RecName: Full=Transcription regulator protein BACH2; AltName: Full=BTB and CNC homolog 2
NODE_2640_length_331_cov_1.096677	A0A0R4IWI1.1	93.333	30	2	0	371	282	15	44	8.69e-11	60.8	RecName: Full=Transcription factor COE1-A; AltName: Full=Early B cell factor 1-A
NODE_2652_length_371_cov_1.123989	Q9NBX4.1	30.070	143	90	4	7	408	624	765	3.94e-09	57.0	RecName: Full=Probable RNA-directed DNA polymerase from transposon X-element; AltName: Full=Reverse transcriptase
NODE_2654_length_264_cov_1.564394	P05094.3	66.667	75	25	0	79	303	339	413	1.97e-26	104	RecName: Full=Alpha-actinin-1; AltName: Full=Alpha-actinin cytoskeletal isoform; AltName: Full=F-actin cross-linking protein; AltName: Full=Non-muscle alpha-actinin-1
NODE_2655_length_273_cov_1.516484	P30558.2	54.369	103	47	0	311	3	100	202	9.72e-23	93.6	RecName: Full=Proteinase-activated receptor 1; Short=PAR-1; AltName: Full=Thrombin receptor; Flags: Precursor
NODE_2685_length_341_cov_1.219941	Q4R9F7.1	55.172	58	20	1	207	380	275	326	4.31e-11	62.0	RecName: Full=RNA exonuclease 5; AltName: Full=Putative RNA exonuclease NEF-sp
NODE_2699_length_315_cov_1.174603	P04323.1	37.037	108	66	1	327	4	361	466	1.58e-18	83.2	RecName: Full=Retrovirus-related Pol polyprotein from transposon 17.6; Includes: RecName: Full=Protease; Includes: RecName: Full=Reverse transcriptase; Includes: RecName: Full=Endonuclease
NODE_2700_length_349_cov_1.097421	Q5R760.1	27.941	136	83	5	2	367	262	396	8.84e-07	49.7	RecName: Full=E3 ubiquitin-protein ligase TRIM16
NODE_2760_length_254_cov_1.535433	P09523.1	46.939	98	51	1	3	296	316	412	1.76e-20	87.4	RecName: Full=Enzymatic polyprotein; Includes: RecName: Full=Aspartic protease; Includes: RecName: Full=Endonuclease; Includes: RecName: Full=Reverse transcriptase
NODE_2788_length_230_cov_1.791304	Q9Y5G5.1	46.512	86	45	1	2	256	644	729	3.40e-14	69.3	RecName: Full=Protocadherin gamma-A8; Short=PCDH-gamma-A8; Flags: Precursor
NODE_2848_length_251_cov_1.649402	F1P065.2	56.098	41	18	0	124	2	10	50	1.61e-09	56.2	RecName: Full=FERM, ARHGEF and pleckstrin domain-containing protein 1; AltName: Full=FERM, RhoGEF and pleckstrin domain-containing protein 1
NODE_2853_length_289_cov_1.435986	P06315.1	42.308	52	30	0	157	2	10	61	4.75e-07	47.8	RecName: Full=Immunoglobulin kappa variable 5-2; AltName: Full=Ig kappa chain V region EV15; Flags: Precursor
NODE_2860_length_363_cov_1.143251	Q04202.1	37.736	106	62	3	315	1	119	221	6.44e-12	63.9	RecName: Full=Transposable element Tcb2 transposase
NODE_2911_length_336_cov_1.053571	O35621.1	70.000	40	12	0	329	210	29	68	1.15e-11	62.8	RecName: Full=Phosphomannomutase 1; Short=PMM 1
NODE_2932_length_259_cov_1.602317	Q9NBX4.1	41.429	70	35	2	289	92	613	680	5.29e-08	52.0	RecName: Full=Probable RNA-directed DNA polymerase from transposon X-element; AltName: Full=Reverse transcriptase
NODE_2936_length_279_cov_1.347670	Q9HCL0.3	55.556	45	18	1	273	139	1029	1071	3.39e-07	50.1	RecName: Full=Protocadherin-18; Flags: Precursor
NODE_2971_length_350_cov_1.194286	Q566C7.1	87.500	40	5	0	367	248	33	72	8.41e-07	48.9	RecName: Full=Diphosphoinositol polyphosphate phosphohydrolase 1; Short=DIPP-1; AltName: Full=Diadenosine 5',5'''-P1,P6-hexaphosphate hydrolase 1; AltName: Full=Nucleoside diphosphate-linked moiety X motif 3; Short=Nudix motif 3
NODE_2986_length_257_cov_1.498055	P0C152.1	75.510	49	12	0	91	237	919	967	8.35e-18	80.1	RecName: Full=Meckelin; AltName: Full=Meckel syndrome type 3 protein homolog; AltName: Full=Transmembrane protein 67; Flags: Precursor
NODE_3038_length_354_cov_1.081921	Q95SX7.1	27.536	138	89	2	1	387	650	785	5.18e-12	65.1	RecName: Full=Probable RNA-directed DNA polymerase from transposon BS; AltName: Full=Reverse transcriptase
NODE_3040_length_317_cov_1.293375	P20273.2	40.698	86	49	2	310	59	592	677	3.91e-13	67.8	RecName: Full=B-cell receptor CD22; AltName: Full=B-lymphocyte cell adhesion molecule; Short=BL-CAM; AltName: Full=Sialic acid-binding Ig-like lectin 2; Short=Siglec-2; AltName: Full=T-cell surface antigen Leu-14; AltName: CD_antigen=CD22; Flags: Precursor
NODE_3046_length_286_cov_1.297203	Q9H9C1.1	66.667	45	15	0	61	195	305	349	5.81e-15	72.4	RecName: Full=Spermatogenesis-defective protein 39 homolog; Short=hSPE-39; AltName: Full=VPS33B-interacting protein in apical-basolateral polarity regulator; AltName: Full=VPS33B-interacting protein in polarity and apical restriction
NODE_3059_length_217_cov_1.921659	Q3UEG6.1	84.444	45	7	0	41	175	320	364	2.98e-20	86.3	RecName: Full=Alanine--glyoxylate aminotransferase 2, mitochondrial; Short=AGT 2; AltName: Full=(R)-3-amino-2-methylpropionate--pyruvate transaminase; AltName: Full=Beta-ALAAT II; AltName: Full=Beta-alanine-pyruvate aminotransferase; AltName: Full=D-AIBAT; Flags: Precursor
NODE_3068_length_261_cov_1.544061	Q1L8W0.1	67.368	95	20	6	1	267	106	195	4.09e-18	80.9	RecName: Full=Zinc finger and BTB domain-containing protein 18; AltName: Full=Zinc finger protein 238
NODE_3105_length_377_cov_1.029178	Q95SX7.1	29.496	139	87	4	31	417	617	754	2.10e-10	60.5	RecName: Full=Probable RNA-directed DNA polymerase from transposon BS; AltName: Full=Reverse transcriptase
NODE_3107_length_309_cov_1.336570	Q9QZS8.1	60.000	65	24	1	346	158	302	366	4.65e-18	81.6	RecName: Full=SH2 domain-containing protein 3C; AltName: Full=Cas/HEF1-associated signal transducer; AltName: Full=SH2 domain-containing Eph receptor-binding protein 1
NODE_3121_length_340_cov_1.223529	P03934.1	35.632	87	55	1	79	339	137	222	3.26e-13	67.4	RecName: Full=Transposable element Tc1 transposase
NODE_3136_length_204_cov_1.975490	P0C548.1	61.538	52	20	0	91	246	164	215	3.42e-17	77.4	RecName: Full=Patatin-like phospholipase domain-containing protein 2; AltName: Full=Adipose triglyceride lipase
NODE_3180_length_182_cov_2.000000	P08548.1	45.946	37	20	0	9	119	487	523	3.10e-07	37.7	RecName: Full=LINE-1 reverse transcriptase homolog
NODE_3180_length_182_cov_2.000000	P08548.1	47.368	38	20	0	109	222	520	557	3.10e-07	35.4	RecName: Full=LINE-1 reverse transcriptase homolog
NODE_3229_length_235_cov_1.719149	Q04202.1	40.845	71	41	1	53	265	151	220	2.38e-12	63.5	RecName: Full=Transposable element Tcb2 transposase
NODE_3245_length_273_cov_1.476190	Q98989.3	36.782	87	53	1	8	268	612	696	5.68e-11	60.8	RecName: Full=Stonustoxin subunit alpha; Short=SNTX subunit alpha; AltName: Full=DELTA-synanceitoxin-Sh1a; Short=DELTA-SYTX-Sh1a; AltName: Full=Trachynilysin subunit alpha; Short=TLY subunit alpha
NODE_3248_length_359_cov_1.158774	Q567V6.1	96.429	28	1	0	2	85	183	210	1.13e-09	57.4	RecName: Full=Eukaryotic translation initiation factor 3 subunit K; Short=eIF3k; AltName: Full=Eukaryotic translation initiation factor 3 subunit 12; AltName: Full=eIF-3 p25
NODE_3273_length_343_cov_1.110787	Q3UHU5.1	49.242	132	59	3	384	1	759	886	4.52e-29	113	RecName: Full=Microtubule cross-linking factor 1; AltName: Full=Coiled-coil domain-containing protein 165; AltName: Full=PAR-1-interacting protein; AltName: Full=SOGA family member 2
NODE_3310_length_160_cov_1.862500	Q6GPM0.1	59.322	59	23	1	28	201	152	210	7.27e-14	66.2	RecName: Full=Regulator of G-protein signaling 7-binding protein; AltName: Full=R7 family-binding protein
NODE_3335_length_192_cov_1.218750	Q9UPZ6.4	54.930	71	32	0	22	234	596	666	1.54e-08	52.8	RecName: Full=Thrombospondin type-1 domain-containing protein 7A; Contains: RecName: Full=Thrombospondin type-1 domain-containing protein 7A, soluble form; Flags: Precursor
NODE_3356_length_334_cov_1.239521	B5X3W7.1	75.610	41	8	2	241	125	168	208	3.14e-11	62.4	RecName: Full=Choline transporter-like protein 2; AltName: Full=Solute carrier family 44 member 2
NODE_3406_length_300_cov_1.390000	P19181.1	50.769	65	31	1	198	7	52	116	3.81e-18	76.6	RecName: Full=Ig heavy chain V region 5A; Flags: Precursor
NODE_3409_length_289_cov_1.442907	B5X4E0.1	55.455	110	12	1	331	2	93	165	5.94e-29	108	RecName: Full=Calumenin-B; Flags: Precursor
NODE_3477_length_205_cov_1.517073	Q56K10.3	97.297	37	1	0	3	113	72	108	5.42e-18	75.5	RecName: Full=40S ribosomal protein S15
NODE_3498_length_291_cov_1.123711	Q9NTN3.1	55.556	36	16	0	180	73	73	108	1.15e-07	43.9	RecName: Full=UDP-glucuronic acid/UDP-N-acetylgalactosamine transporter; Short=UDP-GlcA/UDP-GalNAc transporter; AltName: Full=Solute carrier family 35 member D1; AltName: Full=UDP-galactose transporter-related protein 7; Short=UGTrel7
NODE_3498_length_291_cov_1.123711	Q9NTN3.1	78.571	14	3	0	284	243	67	80	1.15e-07	31.2	RecName: Full=UDP-glucuronic acid/UDP-N-acetylgalactosamine transporter; Short=UDP-GlcA/UDP-GalNAc transporter; AltName: Full=Solute carrier family 35 member D1; AltName: Full=UDP-galactose transporter-related protein 7; Short=UGTrel7
NODE_3508_length_175_cov_1.988571	O35075.1	79.592	49	10	0	215	69	172	220	3.92e-21	86.3	RecName: Full=Vacuolar protein sorting-associated protein 26C; AltName: Full=Down syndrome critical region protein 3 homolog; AltName: Full=Down syndrome critical region protein A homolog
NODE_3510_length_348_cov_1.089080	Q9JK84.1	94.805	77	4	0	3	233	182	258	5.09e-44	150	RecName: Full=Partitioning defective 6 homolog gamma; Short=PAR-6 gamma; Short=PAR6A
NODE_3530_length_364_cov_1.013736	P02541.2	80.000	95	19	0	1	285	85	179	1.80e-45	156	RecName: Full=Desmin
NODE_3580_length_161_cov_1.229814	Q91XL9.2	79.070	43	9	0	74	202	560	602	2.17e-17	77.4	RecName: Full=Oxysterol-binding protein-related protein 1; Short=ORP-1; Short=OSBP-related protein 1
NODE_3593_length_331_cov_1.018127	Q3U481.1	67.241	58	19	0	80	253	337	394	3.22e-15	73.6	RecName: Full=Major facilitator superfamily domain-containing protein 12
NODE_3614_length_403_cov_1.019851	Q9UHW9.2	49.533	107	15	1	444	124	699	766	6.78e-23	96.7	RecName: Full=Solute carrier family 12 member 6; AltName: Full=Electroneutral potassium-chloride cotransporter 3; AltName: Full=K-Cl cotransporter 3
NODE_3652_length_196_cov_1.204082	Q9NZI7.1	69.388	49	15	0	75	221	464	512	7.17e-10	56.6	RecName: Full=Upstream-binding protein 1; AltName: Full=Transcription factor LBP-1
NODE_3654_length_193_cov_1.994819	A2AX52.2	44.872	78	43	0	234	1	846	923	1.05e-16	75.9	RecName: Full=Collagen alpha-4(VI) chain; Flags: Precursor
NODE_3654_length_193_cov_1.994819	A2AX52.2	34.286	70	46	0	231	22	1028	1097	9.44e-08	50.4	RecName: Full=Collagen alpha-4(VI) chain; Flags: Precursor
NODE_3667_length_231_cov_1.792208	Q15291.2	84.848	33	5	0	76	174	362	394	1.78e-09	55.8	RecName: Full=Retinoblastoma-binding protein 5; Short=RBBP-5; AltName: Full=Retinoblastoma-binding protein RBQ-3
NODE_3681_length_384_cov_1.085938	O70161.2	68.367	98	1	1	424	131	89	156	6.13e-34	127	RecName: Full=Phosphatidylinositol 4-phosphate 5-kinase type-1 gamma; Short=PIP5K1-gamma; Short=PtdIns(4)P-5-kinase 1 gamma; AltName: Full=Phosphatidylinositol 4-phosphate 5-kinase type I gamma; Short=PIP5KIgamma
NODE_3685_length_274_cov_1.518248	D4A6L0.1	41.935	62	36	0	4	189	526	587	2.18e-12	64.7	RecName: Full=Probable G-protein coupled receptor 158; Flags: Precursor
NODE_3767_length_321_cov_1.299065	O00469.2	73.913	46	12	0	186	49	560	605	1.34e-19	86.3	RecName: Full=Procollagen-lysine,2-oxoglutarate 5-dioxygenase 2; AltName: Full=Lysyl hydroxylase 2; Short=LH2; Flags: Precursor
NODE_3770_length_231_cov_1.216450	P29054.1	72.527	91	25	0	273	1	178	268	9.89e-26	99.8	RecName: Full=Transcription initiation factor IIB; AltName: Full=General transcription factor TFIIB
NODE_3776_length_380_cov_1.089474	A4IFW2.1	93.023	43	3	0	168	40	1359	1401	9.84e-21	90.1	RecName: Full=Receptor-type tyrosine-protein phosphatase F; Flags: Precursor
NODE_3782_length_268_cov_1.406716	Q8IWU5.1	82.609	69	12	0	3	209	71	139	8.02e-34	125	RecName: Full=Extracellular sulfatase Sulf-2; Short=hSulf-2; Flags: Precursor
NODE_3860_length_346_cov_1.046243	Q8ND23.2	76.190	42	10	0	383	258	559	600	3.95e-13	68.2	RecName: Full=Capping protein, Arp2/3 and myosin-I linker protein 3; AltName: Full=Capping protein regulator and myosin 1 linker protein 3; AltName: Full=Leucine-rich repeat-containing protein 16B
NODE_3868_length_170_cov_1.982353	Q80WQ9.1	70.769	65	19	0	207	13	714	778	5.46e-27	104	RecName: Full=Zinc finger BED domain-containing protein 4
NODE_3869_length_244_cov_1.639344	Q80V23.1	55.914	93	41	0	284	6	126	218	2.76e-35	124	RecName: Full=Zinc finger protein 32; AltName: Full=Zinc finger protein 637
NODE_3869_length_244_cov_1.639344	Q80V23.1	51.111	90	44	0	275	6	73	162	1.33e-29	109	RecName: Full=Zinc finger protein 32; AltName: Full=Zinc finger protein 637
NODE_3869_length_244_cov_1.639344	Q80V23.1	51.613	93	45	0	284	6	154	246	8.75e-29	107	RecName: Full=Zinc finger protein 32; AltName: Full=Zinc finger protein 637
NODE_3869_length_244_cov_1.639344	Q80V23.1	49.398	83	42	0	284	36	182	264	1.95e-23	93.2	RecName: Full=Zinc finger protein 32; AltName: Full=Zinc finger protein 637
NODE_3869_length_244_cov_1.639344	Q80V23.1	53.968	63	29	0	191	3	73	135	2.94e-17	76.6	RecName: Full=Zinc finger protein 32; AltName: Full=Zinc finger protein 637
NODE_3869_length_244_cov_1.639344	Q80V23.1	48.214	56	29	0	284	117	210	265	3.32e-09	55.1	RecName: Full=Zinc finger protein 32; AltName: Full=Zinc finger protein 637
NODE_3889_length_388_cov_1.072165	A8HAL1.1	50.000	134	61	2	1	399	532	660	6.53e-28	110	RecName: Full=Ubiquitin carboxyl-terminal hydrolase 16; AltName: Full=Deubiquitinating enzyme 16; AltName: Full=Ubiquitin thioesterase 16; AltName: Full=Ubiquitin-specific-processing protease 16
NODE_3949_length_390_cov_1.071795	P51596.1	90.323	31	3	0	288	196	189	219	1.93e-09	57.0	RecName: Full=GTP cyclohydrolase 1; AltName: Full=GTP cyclohydrolase I; Short=GTP-CH-I
NODE_3955_length_189_cov_2.000000	Q86XN8.3	95.238	42	2	0	127	2	199	240	6.19e-20	85.1	RecName: Full=RNA-binding protein MEX3D; AltName: Full=RING finger and KH domain-containing protein 1; AltName: Full=RING finger protein 193; AltName: Full=TINO
NODE_3973_length_223_cov_1.865471	O43147.4	50.000	56	24	2	12	176	387	439	9.39e-09	53.5	RecName: Full=Small G protein signaling modulator 2; AltName: Full=RUN and TBC1 domain-containing protein 1
NODE_3977_length_216_cov_1.916667	Q5ZEQ8.1	89.535	86	9	0	258	1	287	372	3.78e-50	165	RecName: Full=Four-jointed box protein 1; AltName: Full=Four-jointed protein homolog; Flags: Precursor
NODE_3996_length_302_cov_1.384106	P10978.1	33.333	117	70	3	336	1	848	961	1.27e-09	57.4	RecName: Full=Retrovirus-related Pol polyprotein from transposon TNT 1-94; Includes: RecName: Full=Protease; Includes: RecName: Full=Reverse transcriptase; Includes: RecName: Full=Endonuclease
NODE_4002_length_236_cov_1.372881	O00370.1	37.209	86	52	1	278	27	66	151	2.40e-10	58.5	RecName: Full=LINE-1 retrotransposable element ORF2 protein; Short=ORF2p; Includes: RecName: Full=Reverse transcriptase; Includes: RecName: Full=Endonuclease
NODE_4007_length_293_cov_1.406143	Q8UVG0.1	51.786	56	27	0	335	168	371	426	6.60e-15	59.7	RecName: Full=Zinc metalloproteinase-disintegrin-like berythractivase; AltName: Full=Snake venom metalloproteinase; Short=SVMP; AltName: Full=ery1; Flags: Precursor
NODE_4007_length_293_cov_1.406143	Q8UVG0.1	72.727	22	6	0	67	2	426	447	6.60e-15	39.7	RecName: Full=Zinc metalloproteinase-disintegrin-like berythractivase; AltName: Full=Snake venom metalloproteinase; Short=SVMP; AltName: Full=ery1; Flags: Precursor
NODE_4078_length_203_cov_1.482759	Q15853.1	81.818	44	8	0	49	180	275	318	1.06e-19	83.6	RecName: Full=Upstream stimulatory factor 2; AltName: Full=Class B basic helix-loop-helix protein 12; Short=bHLHb12; AltName: Full=FOS-interacting protein; Short=FIP; AltName: Full=Major late transcription factor 2; AltName: Full=Upstream transcription factor 2
NODE_4087_length_182_cov_1.126374	Q8TE73.3	77.778	36	8	0	115	222	3362	3397	3.74e-12	62.8	RecName: Full=Dynein heavy chain 5, axonemal; AltName: Full=Axonemal beta dynein heavy chain 5; AltName: Full=Ciliary dynein heavy chain 5
NODE_4122_length_256_cov_1.628906	P82926.2	70.370	54	16	0	136	297	1	54	4.92e-23	88.2	RecName: Full=28S ribosomal protein S33, mitochondrial; Short=MRP-S33; Short=S33mt
NODE_4138_length_236_cov_1.521186	Q5SPP5.2	78.000	50	11	0	159	10	72	121	1.18e-19	85.1	RecName: Full=Protein EFR3 homolog B
NODE_4167_length_371_cov_1.107817	Q6IQT4.1	100.000	37	0	0	112	2	19	55	6.72e-16	76.3	RecName: Full=COP9 signalosome complex subunit 2; Short=Signalosome subunit 2
NODE_4185_length_338_cov_1.139053	Q66KE8.1	67.500	40	13	0	261	380	284	323	2.62e-12	55.5	RecName: Full=Coiled-coil domain-containing protein 78; AltName: Full=xCCDC78
NODE_4185_length_338_cov_1.139053	Q66KE8.1	59.259	27	11	0	103	183	257	283	2.62e-12	35.4	RecName: Full=Coiled-coil domain-containing protein 78; AltName: Full=xCCDC78
NODE_4202_length_327_cov_1.269113	O35350.1	60.000	40	15	1	181	297	75	114	1.91e-07	51.6	RecName: Full=Calpain-1 catalytic subunit; AltName: Full=Calcium-activated neutral proteinase 1; Short=CANP 1; AltName: Full=Calpain mu-type; AltName: Full=Calpain-1 large subunit; AltName: Full=Micromolar-calpain; Short=muCANP
NODE_4222_length_279_cov_1.494624	P17200.1	70.270	74	21	1	69	287	336	409	1.67e-24	99.0	RecName: Full=Muscarinic acetylcholine receptor M4
NODE_4227_length_336_cov_1.038690	Q6P423.1	93.103	29	2	0	272	358	25	53	2.79e-12	65.5	RecName: Full=Mediator of RNA polymerase II transcription subunit 23; AltName: Full=Mediator complex subunit 23
NODE_4241_length_287_cov_1.132404	Q92608.2	82.222	45	8	0	306	172	282	326	1.52e-17	79.7	RecName: Full=Dedicator of cytokinesis protein 2
NODE_4270_length_180_cov_1.977778	Q6ZMW2.1	57.627	59	25	0	44	220	582	640	6.20e-15	70.5	RecName: Full=Zinc finger protein 782
NODE_4270_length_180_cov_1.977778	Q6ZMW2.1	50.847	59	29	0	44	220	526	584	4.08e-12	62.4	RecName: Full=Zinc finger protein 782
NODE_4270_length_180_cov_1.977778	Q6ZMW2.1	50.847	59	29	0	44	220	554	612	5.52e-12	62.0	RecName: Full=Zinc finger protein 782
NODE_4270_length_180_cov_1.977778	Q6ZMW2.1	50.847	59	29	0	44	220	610	668	6.45e-12	62.0	RecName: Full=Zinc finger protein 782
NODE_4270_length_180_cov_1.977778	Q6ZMW2.1	50.847	59	29	0	44	220	498	556	8.91e-12	61.6	RecName: Full=Zinc finger protein 782
NODE_4270_length_180_cov_1.977778	Q6ZMW2.1	47.458	59	31	0	44	220	638	696	2.21e-11	60.5	RecName: Full=Zinc finger protein 782
NODE_4270_length_180_cov_1.977778	Q6ZMW2.1	47.458	59	31	0	44	220	470	528	5.07e-11	59.3	RecName: Full=Zinc finger protein 782
NODE_4270_length_180_cov_1.977778	Q6ZMW2.1	47.458	59	31	0	44	220	442	500	2.03e-10	57.8	RecName: Full=Zinc finger protein 782
NODE_4270_length_180_cov_1.977778	Q6ZMW2.1	49.153	59	30	0	44	220	414	472	1.78e-09	55.1	RecName: Full=Zinc finger protein 782
NODE_4270_length_180_cov_1.977778	Q6ZMW2.1	50.000	54	27	0	59	220	391	444	4.29e-09	53.9	RecName: Full=Zinc finger protein 782
NODE_4270_length_180_cov_1.977778	Q6ZMW2.1	44.068	59	33	0	44	220	358	416	1.70e-08	52.4	RecName: Full=Zinc finger protein 782
NODE_4304_length_319_cov_1.307210	Q91241.1	98.000	50	1	0	250	101	80	129	2.87e-28	109	RecName: Full=Thyroid hormone receptor alpha-A; Short=THR-alpha-A; AltName: Full=Nuclear receptor subfamily 1 group A member 1-A
NODE_4324_length_298_cov_1.352349	Q9P2E7.2	72.174	115	29	3	338	3	533	647	1.73e-49	171	RecName: Full=Protocadherin-10; Flags: Precursor
NODE_4324_length_298_cov_1.352349	Q9P2E7.2	34.483	87	52	1	320	60	429	510	2.10e-07	50.8	RecName: Full=Protocadherin-10; Flags: Precursor
NODE_4343_length_218_cov_1.908257	Q8N960.2	43.023	86	23	1	258	1	74	133	1.98e-15	72.8	RecName: Full=Centrosomal protein of 120 kDa; Short=Cep120; AltName: Full=Coiled-coil domain-containing protein 100
NODE_4363_length_414_cov_1.002415	Q04202.1	27.778	90	65	0	11	280	181	270	1.48e-07	52.4	RecName: Full=Transposable element Tcb2 transposase
NODE_4382_length_252_cov_1.650794	P03934.1	40.260	77	46	0	231	1	54	130	2.26e-11	61.2	RecName: Full=Transposable element Tc1 transposase
NODE_4383_length_342_cov_1.219298	Q9Y5I4.1	46.923	130	66	2	382	2	225	354	4.79e-28	110	RecName: Full=Protocadherin alpha-C2; Short=PCDH-alpha-C2; Flags: Precursor
NODE_4383_length_342_cov_1.219298	Q9Y5I4.1	35.385	130	77	2	382	8	437	564	5.15e-10	58.9	RecName: Full=Protocadherin alpha-C2; Short=PCDH-alpha-C2; Flags: Precursor
NODE_4390_length_301_cov_1.076412	Q09575.1	35.714	112	68	3	12	335	390	501	5.28e-14	69.7	RecName: Full=Uncharacterized protein K02A2.6
NODE_4412_length_240_cov_1.575000	Q9UM47.2	60.000	50	19	1	147	1	112	161	4.65e-12	63.5	RecName: Full=Neurogenic locus notch homolog protein 3; Short=Notch 3; Contains: RecName: Full=Notch 3 extracellular truncation; Contains: RecName: Full=Notch 3 intracellular domain; Flags: Precursor
NODE_4434_length_300_cov_1.106667	Q9I8F9.1	93.860	114	7	0	1	342	333	446	8.15e-41	145	RecName: Full=Heat shock 70 kDa protein 1; Short=HSP70-1
NODE_4457_length_364_cov_1.145604	P16581.1	36.634	101	49	3	347	87	450	549	5.43e-10	59.3	RecName: Full=E-selectin; AltName: Full=CD62 antigen-like family member E; AltName: Full=Endothelial leukocyte adhesion molecule 1; Short=ELAM-1; AltName: Full=Leukocyte-endothelial cell adhesion molecule 2; Short=LECAM2; AltName: CD_antigen=CD62E; Flags: Precursor
NODE_4477_length_347_cov_1.129683	Q8CJH3.2	92.000	25	2	0	146	220	2011	2035	4.39e-08	53.5	RecName: Full=Plexin-B1; Flags: Precursor
NODE_4485_length_242_cov_1.719008	P40939.2	57.143	42	18	0	155	30	62	103	1.50e-08	53.5	RecName: Full=Trifunctional enzyme subunit alpha, mitochondrial; AltName: Full=78 kDa gastrin-binding protein; AltName: Full=Monolysocardiolipin acyltransferase; AltName: Full=TP-alpha; Includes: RecName: Full=Long-chain enoyl-CoA hydratase; Includes: RecName: Full=Long chain 3-hydroxyacyl-CoA dehydrogenase; Flags: Precursor
NODE_4494_length_403_cov_1.027295	O15466.2	70.833	48	14	0	214	71	104	151	1.46e-16	78.2	RecName: Full=Alpha-2,8-sialyltransferase 8E; AltName: Full=Sialyltransferase 8E; Short=SIAT8-E; AltName: Full=Sialyltransferase St8Sia V; Short=ST8SiaV
NODE_4503_length_321_cov_1.299065	O35488.2	38.983	59	29	1	2	178	231	282	4.17e-08	53.1	RecName: Full=Very long-chain acyl-CoA synthetase; Short=VLACS; Short=VLCS; AltName: Full=Fatty acid transport protein 2; Short=FATP-2; AltName: Full=Fatty-acid-coenzyme A ligase, very long-chain 1; AltName: Full=Long-chain-fatty-acid--CoA ligase; AltName: Full=Solute carrier family 27 member 2; AltName: Full=THCA-CoA ligase; AltName: Full=Very long-chain-fatty-acid-CoA ligase
NODE_4511_length_379_cov_1.042216	Q09666.2	34.532	139	82	4	407	12	3030	3166	1.14e-17	81.6	RecName: Full=Neuroblast differentiation-associated protein AHNAK; AltName: Full=Desmoyokin
NODE_4511_length_379_cov_1.042216	Q09666.2	34.532	139	82	4	407	12	3812	3948	2.01e-17	80.9	RecName: Full=Neuroblast differentiation-associated protein AHNAK; AltName: Full=Desmoyokin
NODE_4511_length_379_cov_1.042216	Q09666.2	33.824	136	81	1	419	12	1938	2064	2.14e-17	80.9	RecName: Full=Neuroblast differentiation-associated protein AHNAK; AltName: Full=Desmoyokin
NODE_4511_length_379_cov_1.042216	Q09666.2	32.353	136	83	1	419	12	2133	2259	3.05e-17	80.5	RecName: Full=Neuroblast differentiation-associated protein AHNAK; AltName: Full=Desmoyokin
NODE_4511_length_379_cov_1.042216	Q09666.2	32.374	139	85	3	407	12	1134	1270	1.52e-16	78.2	RecName: Full=Neuroblast differentiation-associated protein AHNAK; AltName: Full=Desmoyokin
NODE_4511_length_379_cov_1.042216	Q09666.2	33.094	139	84	3	407	12	2774	2910	1.92e-16	78.2	RecName: Full=Neuroblast differentiation-associated protein AHNAK; AltName: Full=Desmoyokin
NODE_4511_length_379_cov_1.042216	Q09666.2	36.567	134	74	5	407	27	1518	1647	3.30e-16	77.4	RecName: Full=Neuroblast differentiation-associated protein AHNAK; AltName: Full=Desmoyokin
NODE_4511_length_379_cov_1.042216	Q09666.2	32.624	141	83	2	419	12	1595	1728	3.54e-16	77.4	RecName: Full=Neuroblast differentiation-associated protein AHNAK; AltName: Full=Desmoyokin
NODE_4511_length_379_cov_1.042216	Q09666.2	33.094	139	84	4	407	12	4660	4796	1.37e-15	75.5	RecName: Full=Neuroblast differentiation-associated protein AHNAK; AltName: Full=Desmoyokin
NODE_4511_length_379_cov_1.042216	Q09666.2	36.232	138	76	6	407	15	3610	3742	1.80e-15	75.1	RecName: Full=Neuroblast differentiation-associated protein AHNAK; AltName: Full=Desmoyokin
NODE_4511_length_379_cov_1.042216	Q09666.2	34.375	128	75	4	407	45	4324	4449	2.36e-15	74.7	RecName: Full=Neuroblast differentiation-associated protein AHNAK; AltName: Full=Desmoyokin
NODE_4511_length_379_cov_1.042216	Q09666.2	34.043	141	81	3	419	12	3687	3820	2.67e-15	74.7	RecName: Full=Neuroblast differentiation-associated protein AHNAK; AltName: Full=Desmoyokin
NODE_4511_length_379_cov_1.042216	Q09666.2	36.567	134	61	6	419	27	4401	4513	4.46e-15	73.9	RecName: Full=Neuroblast differentiation-associated protein AHNAK; AltName: Full=Desmoyokin
NODE_4511_length_379_cov_1.042216	Q09666.2	33.094	139	84	4	407	12	4196	4332	6.08e-15	73.6	RecName: Full=Neuroblast differentiation-associated protein AHNAK; AltName: Full=Desmoyokin
NODE_4511_length_379_cov_1.042216	Q09666.2	36.296	135	67	3	419	15	4475	4590	6.32e-15	73.6	RecName: Full=Neuroblast differentiation-associated protein AHNAK; AltName: Full=Desmoyokin
NODE_4511_length_379_cov_1.042216	Q09666.2	31.655	139	86	3	407	12	1262	1398	6.38e-15	73.6	RecName: Full=Neuroblast differentiation-associated protein AHNAK; AltName: Full=Desmoyokin
NODE_4511_length_379_cov_1.042216	Q09666.2	32.374	139	85	4	407	12	2646	2782	7.38e-15	73.6	RecName: Full=Neuroblast differentiation-associated protein AHNAK; AltName: Full=Desmoyokin
NODE_4511_length_379_cov_1.042216	Q09666.2	33.094	139	84	4	407	12	3940	4076	8.70e-15	73.2	RecName: Full=Neuroblast differentiation-associated protein AHNAK; AltName: Full=Desmoyokin
NODE_4511_length_379_cov_1.042216	Q09666.2	32.374	139	85	4	407	12	2518	2654	1.40e-14	72.8	RecName: Full=Neuroblast differentiation-associated protein AHNAK; AltName: Full=Desmoyokin
NODE_4511_length_379_cov_1.042216	Q09666.2	33.582	134	78	4	407	27	2251	2380	1.92e-14	72.4	RecName: Full=Neuroblast differentiation-associated protein AHNAK; AltName: Full=Desmoyokin
NODE_4511_length_379_cov_1.042216	Q09666.2	33.094	139	84	4	407	12	757	893	5.68e-14	70.9	RecName: Full=Neuroblast differentiation-associated protein AHNAK; AltName: Full=Desmoyokin
NODE_4511_length_379_cov_1.042216	Q09666.2	34.091	132	76	4	407	33	2056	2183	6.14e-14	70.9	RecName: Full=Neuroblast differentiation-associated protein AHNAK; AltName: Full=Desmoyokin
NODE_4511_length_379_cov_1.042216	Q09666.2	36.552	145	65	6	407	27	2312	2447	6.63e-14	70.9	RecName: Full=Neuroblast differentiation-associated protein AHNAK; AltName: Full=Desmoyokin
NODE_4511_length_379_cov_1.042216	Q09666.2	31.655	139	84	2	419	3	1871	1998	1.05e-13	70.1	RecName: Full=Neuroblast differentiation-associated protein AHNAK; AltName: Full=Desmoyokin
NODE_4511_length_379_cov_1.042216	Q09666.2	31.655	139	86	4	407	12	2902	3038	1.12e-13	70.1	RecName: Full=Neuroblast differentiation-associated protein AHNAK; AltName: Full=Desmoyokin
NODE_4511_length_379_cov_1.042216	Q09666.2	31.944	144	84	3	419	3	1797	1931	1.27e-13	70.1	RecName: Full=Neuroblast differentiation-associated protein AHNAK; AltName: Full=Desmoyokin
NODE_4511_length_379_cov_1.042216	Q09666.2	33.099	142	84	4	407	3	4788	4925	2.22e-13	69.3	RecName: Full=Neuroblast differentiation-associated protein AHNAK; AltName: Full=Desmoyokin
NODE_4511_length_379_cov_1.042216	Q09666.2	35.156	128	74	4	407	45	3158	3283	3.09e-13	68.9	RecName: Full=Neuroblast differentiation-associated protein AHNAK; AltName: Full=Desmoyokin
NODE_4511_length_379_cov_1.042216	Q09666.2	31.298	131	83	3	383	12	3488	3618	8.94e-13	67.4	RecName: Full=Neuroblast differentiation-associated protein AHNAK; AltName: Full=Desmoyokin
NODE_4511_length_379_cov_1.042216	Q09666.2	32.867	143	83	4	407	12	2386	2526	9.47e-13	67.4	RecName: Full=Neuroblast differentiation-associated protein AHNAK; AltName: Full=Desmoyokin
NODE_4511_length_379_cov_1.042216	Q09666.2	32.836	134	79	5	407	27	1720	1849	1.06e-12	67.4	RecName: Full=Neuroblast differentiation-associated protein AHNAK; AltName: Full=Desmoyokin
NODE_4511_length_379_cov_1.042216	Q09666.2	29.496	139	89	4	407	12	1390	1526	1.23e-12	67.0	RecName: Full=Neuroblast differentiation-associated protein AHNAK; AltName: Full=Desmoyokin
NODE_4511_length_379_cov_1.042216	Q09666.2	37.857	140	52	7	419	15	4017	4126	3.49e-12	65.9	RecName: Full=Neuroblast differentiation-associated protein AHNAK; AltName: Full=Desmoyokin
NODE_4511_length_379_cov_1.042216	Q09666.2	30.216	139	88	3	407	12	1006	1142	3.96e-12	65.5	RecName: Full=Neuroblast differentiation-associated protein AHNAK; AltName: Full=Desmoyokin
NODE_4511_length_379_cov_1.042216	Q09666.2	29.730	148	93	3	419	3	3235	3380	4.71e-12	65.5	RecName: Full=Neuroblast differentiation-associated protein AHNAK; AltName: Full=Desmoyokin
NODE_4511_length_379_cov_1.042216	Q09666.2	28.415	183	83	4	419	12	3309	3490	6.36e-12	65.1	RecName: Full=Neuroblast differentiation-associated protein AHNAK; AltName: Full=Desmoyokin
NODE_4511_length_379_cov_1.042216	Q09666.2	34.043	141	81	2	419	12	4535	4668	6.36e-12	65.1	RecName: Full=Neuroblast differentiation-associated protein AHNAK; AltName: Full=Desmoyokin
NODE_4511_length_379_cov_1.042216	Q09666.2	30.220	182	82	5	419	9	3889	4070	1.11e-11	64.3	RecName: Full=Neuroblast differentiation-associated protein AHNAK; AltName: Full=Desmoyokin
NODE_4511_length_379_cov_1.042216	Q09666.2	34.615	130	53	5	419	45	3761	3863	1.43e-11	63.9	RecName: Full=Neuroblast differentiation-associated protein AHNAK; AltName: Full=Desmoyokin
NODE_4511_length_379_cov_1.042216	Q09666.2	32.184	174	73	5	419	33	3107	3280	1.55e-11	63.9	RecName: Full=Neuroblast differentiation-associated protein AHNAK; AltName: Full=Desmoyokin
NODE_4511_length_379_cov_1.042216	Q09666.2	29.577	142	89	5	407	3	885	1022	2.01e-11	63.5	RecName: Full=Neuroblast differentiation-associated protein AHNAK; AltName: Full=Desmoyokin
NODE_4511_length_379_cov_1.042216	Q09666.2	33.813	139	83	3	407	12	4068	4204	2.37e-11	63.5	RecName: Full=Neuroblast differentiation-associated protein AHNAK; AltName: Full=Desmoyokin
NODE_4511_length_379_cov_1.042216	Q09666.2	31.250	144	85	5	407	12	5108	5249	4.98e-11	62.4	RecName: Full=Neuroblast differentiation-associated protein AHNAK; AltName: Full=Desmoyokin
NODE_4511_length_379_cov_1.042216	Q09666.2	33.557	149	62	6	419	3	1669	1790	6.46e-11	62.0	RecName: Full=Neuroblast differentiation-associated protein AHNAK; AltName: Full=Desmoyokin
NODE_4511_length_379_cov_1.042216	Q09666.2	28.378	148	97	4	419	3	503	650	6.78e-11	62.0	RecName: Full=Neuroblast differentiation-associated protein AHNAK; AltName: Full=Desmoyokin
NODE_4511_length_379_cov_1.042216	Q09666.2	32.609	138	78	4	419	24	4737	4865	2.18e-10	60.8	RecName: Full=Neuroblast differentiation-associated protein AHNAK; AltName: Full=Desmoyokin
NODE_4511_length_379_cov_1.042216	Q09666.2	32.857	140	86	4	416	3	3547	3680	2.27e-10	60.5	RecName: Full=Neuroblast differentiation-associated protein AHNAK; AltName: Full=Desmoyokin
NODE_4511_length_379_cov_1.042216	Q09666.2	27.972	143	80	3	419	60	4865	5007	5.72e-10	59.3	RecName: Full=Neuroblast differentiation-associated protein AHNAK; AltName: Full=Desmoyokin
NODE_4511_length_379_cov_1.042216	Q09666.2	33.533	167	63	10	419	45	2921	3081	1.19e-09	58.5	RecName: Full=Neuroblast differentiation-associated protein AHNAK; AltName: Full=Desmoyokin
NODE_4511_length_379_cov_1.042216	Q09666.2	32.576	132	65	5	407	45	4257	4375	2.39e-09	57.8	RecName: Full=Neuroblast differentiation-associated protein AHNAK; AltName: Full=Desmoyokin
NODE_4511_length_379_cov_1.042216	Q09666.2	30.216	139	81	4	407	12	636	765	1.00e-08	55.8	RecName: Full=Neuroblast differentiation-associated protein AHNAK; AltName: Full=Desmoyokin
NODE_4511_length_379_cov_1.042216	Q09666.2	31.579	133	58	5	383	45	817	936	2.03e-08	55.1	RecName: Full=Neuroblast differentiation-associated protein AHNAK; AltName: Full=Desmoyokin
NODE_4511_length_379_cov_1.042216	Q09666.2	28.659	164	87	4	416	3	5147	5306	1.35e-07	52.8	RecName: Full=Neuroblast differentiation-associated protein AHNAK; AltName: Full=Desmoyokin
NODE_4511_length_379_cov_1.042216	Q09666.2	28.025	157	80	6	419	45	5253	5408	1.58e-07	52.4	RecName: Full=Neuroblast differentiation-associated protein AHNAK; AltName: Full=Desmoyokin
NODE_4511_length_379_cov_1.042216	Q09666.2	32.484	157	67	8	410	45	656	808	1.90e-07	52.4	RecName: Full=Neuroblast differentiation-associated protein AHNAK; AltName: Full=Desmoyokin
NODE_4511_length_379_cov_1.042216	Q09666.2	30.769	130	72	5	383	12	330	447	4.13e-07	51.2	RecName: Full=Neuroblast differentiation-associated protein AHNAK; AltName: Full=Desmoyokin
NODE_4552_length_379_cov_1.092348	P35072.1	37.805	82	45	4	190	420	112	192	7.12e-09	55.8	RecName: Full=Transposable element Tcb1 transposase; AltName: Full=Transposable element Barney transposase
NODE_4553_length_275_cov_1.516364	Q5ZLK4.1	69.231	39	12	0	308	192	304	342	2.66e-10	58.9	RecName: Full=Globoside alpha-1,3-N-acetylgalactosaminyltransferase 1; AltName: Full=Forssman glycolipid synthase-like protein
NODE_4560_length_237_cov_1.561181	P10978.1	39.560	91	53	1	10	276	502	592	2.44e-15	72.8	RecName: Full=Retrovirus-related Pol polyprotein from transposon TNT 1-94; Includes: RecName: Full=Protease; Includes: RecName: Full=Reverse transcriptase; Includes: RecName: Full=Endonuclease
NODE_4609_length_344_cov_1.014535	Q9UNX4.1	63.077	65	24	0	385	191	379	443	1.50e-21	92.0	RecName: Full=WD repeat-containing protein 3
NODE_4627_length_357_cov_1.165266	P51797.2	82.500	40	7	0	257	138	559	598	7.60e-23	79.7	RecName: Full=Chloride transport protein 6; AltName: Full=Chloride channel protein 6; Short=ClC-6
NODE_4627_length_357_cov_1.165266	P51797.2	95.652	23	1	0	397	329	541	563	7.60e-23	46.6	RecName: Full=Chloride transport protein 6; AltName: Full=Chloride channel protein 6; Short=ClC-6
NODE_4639_length_219_cov_1.885845	Q5U4C9.1	89.535	86	9	0	4	261	263	348	8.68e-52	173	RecName: Full=Dual specificity tyrosine-phosphorylation-regulated kinase 2
NODE_4659_length_370_cov_1.129730	F5HSE3.1	83.333	30	5	0	317	228	791	820	2.53e-07	51.6	RecName: Full=Nipped-B-like protein A
NODE_4665_length_345_cov_1.197101	Q7SY24.1	92.105	38	3	0	137	24	535	572	2.99e-17	79.7	RecName: Full=Protein kinase C beta type; Short=PKC-B; Short=PKC-beta
NODE_4669_length_257_cov_1.618677	P48058.2	100.000	32	0	0	1	96	772	803	1.08e-15	73.9	RecName: Full=Glutamate receptor 4; Short=GluR-4; Short=GluR4; AltName: Full=AMPA-selective glutamate receptor 4; AltName: Full=GluR-D; AltName: Full=Glutamate receptor ionotropic, AMPA 4; Short=GluA4; Flags: Precursor
NODE_4688_length_340_cov_1.223529	Q15772.4	40.678	59	35	0	124	300	1520	1578	1.37e-07	52.0	RecName: Full=Striated muscle preferentially expressed protein kinase; AltName: Full=Aortic preferentially expressed protein 1; Short=APEG-1
NODE_4710_length_188_cov_1.904255	Q15678.2	65.625	64	22	0	193	2	373	436	4.42e-16	73.9	RecName: Full=Tyrosine-protein phosphatase non-receptor type 14; AltName: Full=Protein-tyrosine phosphatase pez
NODE_4728_length_248_cov_1.560484	P70168.2	96.078	51	2	0	255	103	587	637	6.18e-25	100	RecName: Full=Importin subunit beta-1; AltName: Full=Karyopherin subunit beta-1; AltName: Full=Nuclear factor p97; AltName: Full=Pore targeting complex 97 kDa subunit; Short=PTAC97; AltName: Full=SCG
NODE_4756_length_311_cov_1.257235	Q5RFK6.1	93.617	47	3	0	352	212	402	448	1.45e-25	102	RecName: Full=Recombining binding protein suppressor of hairless; AltName: Full=J kappa-recombination signal-binding protein; AltName: Full=RBP-J kappa
NODE_4789_length_302_cov_1.201987	Q02241.3	75.862	29	7	0	179	265	357	385	1.58e-08	54.3	RecName: Full=Kinesin-like protein KIF23; AltName: Full=Kinesin-like protein 5; AltName: Full=Mitotic kinesin-like protein 1
NODE_4825_length_201_cov_1.467662	Q8BL97.1	84.615	39	6	0	117	1	99	137	1.77e-15	71.2	RecName: Full=Serine/arginine-rich splicing factor 7; AltName: Full=Splicing factor, arginine/serine-rich 7
NODE_4826_length_261_cov_1.509579	P27799.2	75.000	36	9	0	224	117	282	317	9.05e-14	68.6	RecName: Full=Sodium- and chloride-dependent betaine transporter; AltName: Full=Na(+)/Cl(-) betaine/GABA transporter; AltName: Full=Solute carrier family 6 member 12
NODE_4856_length_288_cov_1.350694	P34257.1	30.263	76	53	0	290	63	236	311	7.44e-07	49.3	RecName: Full=Transposable element Tc3 transposase
NODE_4867_length_342_cov_1.058480	Q149M9.3	62.000	50	19	0	15	164	711	760	8.03e-13	67.0	RecName: Full=NACHT domain- and WD repeat-containing protein 1
NODE_4927_length_293_cov_1.293515	Q4R6C4.1	85.714	28	4	0	2	85	105	132	4.20e-08	52.8	RecName: Full=N(4)-(beta-N-acetylglucosaminyl)-L-asparaginase; AltName: Full=Aspartylglucosaminidase; Short=AGA; AltName: Full=Glycosylasparaginase; AltName: Full=N4-(N-acetyl-beta-glucosaminyl)-L-asparagine amidase; Contains: RecName: Full=Glycosylasparaginase alpha chain; Contains: RecName: Full=Glycosylasparaginase beta chain; Flags: Precursor
NODE_4931_length_369_cov_1.037940	Q5RAY1.1	51.923	52	25	0	150	305	568	619	3.78e-11	62.8	RecName: Full=Phosphatidylinositol 4-phosphate 3-kinase C2 domain-containing subunit alpha; Short=PI3K-C2-alpha; Short=PtdIns-3-kinase C2 subunit alpha; AltName: Full=Phosphoinositide 3-kinase-C2-alpha
NODE_4967_length_337_cov_1.240356	P18887.2	45.536	112	31	3	3	335	58	140	3.80e-23	96.3	RecName: Full=DNA repair protein XRCC1; AltName: Full=X-ray repair cross-complementing protein 1
NODE_4988_length_284_cov_1.302817	Q4R4R4.1	47.917	48	25	0	202	59	82	129	1.71e-09	55.5	RecName: Full=PRA1 family protein 3; AltName: Full=ADP-ribosylation factor-like protein 6-interacting protein 5; Short=ARL-6-interacting protein 5; Short=Aip-5
